{"Number of requests": 100, "Concurrent Requests": 5, "Thorughput (tokens/second)": 140.4494382022472, "Latency (ms/token) min": 36.152878, "Latency (ms/token) p(50)": 38.2382525, "Latency (ms/token) p(90)": 38.540062400000004, "Latency Request ms min": 59.979154, "Latency Request ms p(50)": 9584.2289155, "Latency Request ms p(90)": 9711.496789700002, "Latency Infernece ms min": 36.152878, "Latency Infernece ms p(50)": 9550.7188775, "Latency Infernece ms p(90)": 9626.6586422, "Queue time ms min": 0.053371, "Queue time ms p(50)": 28.4375465, "Queue time ms p(90)": 215.2666598}