{"Number of requests": 100, "Concurrent Requests": 5, "Thorughput (tokens/second)": 140.4494382022472, "Latency (ms/token) min": 35.333584, "Latency (ms/token) p(50)": 35.377783, "Latency (ms/token) p(90)": 35.49734350000001, "Latency Request ms min": 8862.822934, "Latency Request ms p(50)": 8873.544395500001, "Latency Request ms p(90)": 8883.8025713, "Latency Infernece ms min": 8833.396074999999, "Latency Infernece ms p(50)": 8844.4458605, "Latency Infernece ms p(90)": 8874.3359693, "Queue time ms min": 0.02262, "Queue time ms p(50)": 30.697049, "Queue time ms p(90)": 34.8755335}