{"Number of requests": 100, "Concurrent Requests": 5, "Thorughput (tokens/second)": 138.88888888888889, "Latency (ms/token) min": 35.444429, "Latency (ms/token) p(50)": 35.632542, "Latency (ms/token) p(90)": 35.666544, "Latency Request ms min": 8885.787950999998, "Latency Request ms p(50)": 8931.693864, "Latency Request ms p(90)": 8941.4316975, "Latency Infernece ms min": 8861.107431, "Latency Infernece ms p(50)": 8908.135744, "Latency Infernece ms p(90)": 8916.6361091, "Queue time ms min": 0.01461, "Queue time ms p(50)": 24.8426115, "Queue time ms p(90)": 35.676049}