{"Number of requests": 95, "Concurrent Requests": 5, "Thorughput (tokens/second)": 139.66480446927375, "Latency (ms/token) min": 35.330216, "Latency (ms/token) p(50)": 35.474738, "Latency (ms/token) p(90)": 35.600421, "Latency Request ms min": 8863.773747, "Latency Request ms p(50)": 8926.041806000001, "Latency Request ms p(90)": 8932.1261514, "Latency Infernece ms min": 8832.554004, "Latency Infernece ms p(50)": 8868.684646, "Latency Infernece ms p(90)": 8900.1054452, "Queue time ms min": 0.04685, "Queue time ms p(50)": 55.533629, "Queue time ms p(90)": 67.959691}