{"Number of requests": 100, "Concurrent Requests": 5, "Thorughput (tokens/second)": 149.7005988023952, "Latency (ms/token) min": 35.649988, "Latency (ms/token) p(50)": 38.0454455, "Latency (ms/token) p(90)": 38.2838286, "Latency Request ms min": 37.618064, "Latency Request ms p(50)": 9536.000592, "Latency Request ms p(90)": 9987.332158000003, "Latency Infernece ms min": 35.649988, "Latency Infernece ms p(50)": 9504.371191499999, "Latency Infernece ms p(90)": 9546.9366377, "Queue time ms min": 0.037391, "Queue time ms p(50)": 26.649482, "Queue time ms p(90)": 694.9583926}