{"Number of requests": 100, "Concurrent Requests": 5, "Thorughput (tokens/second)": 139.66480446927375, "Latency (ms/token) min": 35.927441, "Latency (ms/token) p(50)": 38.0767325, "Latency (ms/token) p(90)": 38.2245004, "Latency Request ms min": 64.885763, "Latency Request ms p(50)": 9547.2237345, "Latency Request ms p(90)": 9812.690859900002, "Latency Infernece ms min": 35.927441, "Latency Infernece ms p(50)": 9517.381193500001, "Latency Infernece ms p(90)": 9552.394462799999, "Queue time ms min": 0.048943, "Queue time ms p(50)": 28.034253, "Queue time ms p(90)": 312.20632720000157}